date,amount,balance,category
2024-09-26,-350.0,2802.86,Restaurant
2024-09-26,-338.02,2160.41,Food Delivery
2024-09-26,-300.0,2502.86,Bank Transfer
2024-09-26,-4.22,2498.64,Bank Transfer
2024-09-26,-0.21,2498.43,Bank Transfer
2024-09-29,-630.0,2830.41,Restaurant
2024-09-29,-403.75,1726.67,Food Delivery
2024-09-29,1300.0,3460.41,Bank Transfer
2024-09-29,-699.99,2130.42,Shopping
2024-09-30,-460.8,798.44,Restaurant
2024-09-30,-85.0,1259.24,Coffee
2024-09-30,-300.0,1426.67,Bank Transfer
2024-09-30,-0.21,1422.24,Bank Transfer
2024-09-30,-4.22,1422.45,Bank Transfer
2024-09-30,-78.0,1344.24,School
2024-10-01,5000.0,5798.44,Bank Transfer
2024-10-01,-572.94,5225.5,Food Delivery
2024-10-01,-3199.99,2025.51,Shopping
2024-10-02,-71.0,1299.51,Transport
2024-10-02,-349.07,950.44,Food Delivery
2024-10-02,-140.0,1455.51,School
2024-10-02,-430.0,1595.51,Food Delivery
2024-10-02,-85.0,1370.51,Coffee
2024-10-03,-70.0,880.44,Transport
2024-10-03,-150.0,730.44,Restaurant
2024-10-03,-44.0,686.44,Restaurant
2024-10-03,-460.0,226.44,Restaurant
2024-10-04,-211.0,15.44,School
2024-10-04,150.0,165.44,Bank Transfer
2024-10-04,-110.0,55.44,Bakery
2024-10-06,-580.0,9133.49,Restaurant
2024-10-06,-111.95,9713.49,Restaurant
2024-10-06,-429.5,8703.99,Food Delivery
2024-10-06,-200.0,9855.44,Dessert
2024-10-06,10000.0,10055.44,Bank Transfer
2024-10-06,-30.0,9825.44,Transport
2024-10-07,-500.0,8203.99,Restaurant
2024-10-08,-21.0,8182.99,Restaurant
2024-10-08,-17.0,8165.99,Restaurant
2024-10-08,-15.0,8150.99,Restaurant
2024-10-08,-17.0,8133.99,Restaurant
2024-10-08,-85.0,8048.99,Coffee
2024-10-08,-200.0,7848.99,Grocery
2024-10-08,-1783.0,6065.99,Restaurant
2024-10-09,-517.97,5099.27,Food Delivery
2024-10-09,-429.5,5617.24,Food Delivery
2024-10-09,-16.0,6049.99,Restaurant
2024-10-09,-3.25,6046.74,Restaurant
2024-10-10,-460.0,4639.27,Restaurant
2024-10-10,-321.4,4317.87,Restaurant
2024-10-10,-339.5,3978.37,Food Delivery
2024-10-10,-25.0,3953.37,Restaurant
2024-10-10,-25.0,3928.37,Restaurant
2024-10-11,-120.0,3808.37,Transport
2024-10-11,-330.0,3478.37,Restaurant
2024-10-11,-271.5,3206.87,Restaurant
2024-10-12,-317.04,2889.83,Food Delivery
2024-10-13,-350.0,2746.87,Restaurant
2024-10-13,-110.0,3096.87,Grocery
2024-10-13,317.04,3206.87,Food Delivery
2024-10-14,-513.86,1902.51,Food Delivery
2024-10-14,-289.5,2457.37,Food Delivery
2024-10-14,-30.0,2427.37,Coffee
2024-10-14,-11.0,2416.37,Restaurant
2024-10-15,-269.5,1633.01,Restaurant
2024-10-15,-147.0,1486.01,Restaurant
2024-10-15,-9.0,1477.01,Restaurant
2024-10-15,-354.5,1122.51,Food Delivery
2024-10-16,-37.0,4.52,Restaurant
2024-10-16,-37.0,41.52,Restaurant
2024-10-16,-19.0,78.52,Restaurant
2024-10-16,-37.0,97.52,Restaurant
2024-10-16,-262.0,167.52,Restaurant
2024-10-16,-19.0,148.52,Restaurant
2024-10-16,-250.0,429.52,Restaurant
2024-10-16,-75.0,679.52,Coffee
2024-10-16,-367.99,754.52,Food Delivery
2024-10-16,-14.0,134.52,Restaurant
2024-10-17,500.0,2442.09,Bank Transfer
2024-10-17,-0.21,1942.09,Bank Transfer
2024-10-17,-350.0,2092.09,Bakery
2024-10-17,-1058.0,1946.52,Bank Transfer
2024-10-17,-4.22,1942.3,Bank Transfer
2024-10-17,3000.0,3004.52,Bank Transfer
2024-10-18,-350.0,342.69,Bakery
2024-10-18,-730.0,692.69,Restaurant
2024-10-18,-303.9,1777.19,Restaurant
2024-10-18,-11.0,2081.09,Restaurant
2024-10-18,-354.5,1422.69,Food Delivery
2024-10-19,354.5,697.19,Food Delivery
2024-10-20,-660.0,37.19,Bank Transfer
2024-10-20,-4.22,32.97,Bank Transfer
2024-10-20,-0.21,32.76,Bank Transfer
2024-10-23,-350.0,803.76,Bakery
2024-10-23,-64.0,1503.76,Restaurant
2024-10-23,-350.0,1153.76,Bakery
2024-10-23,2000.0,2032.76,Bank Transfer
2024-10-23,-275.0,1567.76,Restaurant
2024-10-23,-190.0,1842.76,Transport
2024-10-24,-103.0,700.76,Coffee
2024-10-24,-270.0,430.76,Restaurant
2024-10-24,-30.0,400.76,Restaurant
2024-10-24,-366.75,34.01,Restaurant
2024-10-25,-178.0,2376.01,Restaurant
2024-10-25,-30.0,4.01,School
2024-10-25,3000.0,3004.01,Bank Transfer
2024-10-25,-450.0,2554.01,Grocery
2024-10-26,-405.0,1626.01,Restaurant
2024-10-26,-140.0,2236.01,School
2024-10-26,-205.0,2031.01,School
2024-10-27,-317.04,1908.97,Restaurant
2024-10-27,600.0,2226.01,Bank Transfer
2024-10-27,-30.0,1878.97,Transport
2024-10-27,-95.0,1783.97,Restaurant
2024-10-27,-30.0,1753.97,Transport
2024-10-27,-326.85,1427.12,Restaurant
2024-10-27,-290.0,1137.12,Restaurant
2024-10-27,-255.0,882.12,Food Delivery
2024-10-27,-21.0,861.12,Restaurant
2024-10-27,-31.0,830.12,Restaurant
2024-10-28,-548.69,1524.48,Food Delivery
2024-10-28,-196.95,2073.17,Restaurant
2024-10-28,-120.0,2710.12,Restaurant
2024-10-28,-370.0,2340.12,Restaurant
2024-10-28,2000.0,2830.12,Bank Transfer
2024-10-28,-70.0,2270.12,Restaurant
2024-10-29,-35.0,1489.48,Restaurant
2024-10-29,-85.0,1404.48,Coffee
2024-10-29,-71.0,1333.48,Transport
2024-10-29,-336.0,997.48,Shopping
2024-10-29,-350.0,647.48,Bakery
2024-10-30,-280.0,367.48,Food Delivery
2024-10-30,-85.0,282.48,Coffee
2024-10-31,-164.95,6.88,Restaurant
2024-10-31,200.0,482.48,Bank Transfer
2024-10-31,-310.65,171.83,Restaurant
2024-11-01,5000.0,5006.88,Bank Transfer
2024-11-01,-304.0,4702.88,Food Delivery
2024-11-01,-143.95,4558.93,Restaurant
2024-11-01,-200.0,4358.93,Grocery
2024-11-01,-322.95,4035.98,Grocery
2024-11-02,-31.0,3406.23,Restaurant
2024-11-02,-19.0,3437.23,Restaurant
2024-11-02,-350.0,3056.23,Bakery
2024-11-02,-115.0,3750.98,School
2024-11-02,-170.0,3865.98,Coffee
2024-11-02,-294.75,3456.23,Restaurant
2024-11-03,-103.0,2953.23,Coffee
2024-11-04,-390.0,2563.23,Restaurant
2024-11-04,-500.0,2063.23,Dessert
2024-11-04,-333.98,1729.25,Shopping
2024-11-04,333.98,2063.23,Shopping
2024-11-04,-400.0,1663.23,Bakery
2024-11-04,-350.0,1313.23,Bakery
2024-11-05,-0.11,12481.52,Bank Transfer
2024-11-05,-250.0,12483.74,Bank Transfer
2024-11-05,-0.6,12733.74,Bank Fee
2024-11-05,-2.11,12481.63,Bank Transfer
2024-11-05,-10.95,12735.33,Restaurant
2024-11-05,12600.0,13913.23,Bank Transfer
2024-11-05,-0.99,12734.34,Bank Fee
2024-11-05,-1000.0,12746.28,Restaurant
2024-11-05,-166.95,13746.28,Restaurant
2024-11-06,-380.0,12101.52,Food Delivery
2024-11-06,-227.0,11874.52,Food Delivery
2024-11-06,-302.15,11572.37,Restaurant
2024-11-06,-25.0,11547.37,Bakery
2024-11-07,345.0,10685.3,Bank Transfer
2024-11-07,-320.0,10340.3,Food Delivery
2024-11-07,-310.0,10012.1,Restaurant
2024-11-07,-140.0,11207.37,School
2024-11-07,-200.0,11347.37,Grocery
2024-11-07,-547.07,10660.3,Food Delivery
2024-11-07,-363.2,10322.1,Restaurant
2024-11-08,-270.0,9742.1,Restaurant
2024-11-08,-490.75,9251.35,Food Delivery
2024-11-08,-270.0,8981.35,Food Delivery
2024-11-09,-420.0,8561.35,Shopping
2024-11-09,-202.0,8359.35,Restaurant
2024-11-09,-550.0,7809.35,Bakery
2024-11-10,1500.0,9309.35,Bank Transfer
2024-11-10,-523.0,8786.35,Restaurant
2024-11-10,-340.0,8446.35,Restaurant
2024-11-11,-381.94,7574.98,Restaurant
2024-11-11,-500.0,7074.98,Restaurant
2024-11-11,-345.0,7956.92,Restaurant
2024-11-11,-4.22,8302.13,Bank Fee
2024-11-11,-140.0,8306.35,Restaurant
2024-11-11,-0.21,8301.92,Bank Fee
2024-11-12,-228.99,6845.99,Food Delivery
2024-11-12,-365.0,6480.99,Restaurant
2024-11-12,-196.62,6284.37,Restaurant
2024-11-12,-280.0,6004.37,Restaurant
2024-11-12,-130.0,5874.37,Restaurant
2024-11-12,1000.0,6874.37,Bank Transfer
2024-11-12,-425.0,6449.37,Restaurant
2024-11-12,-4.22,6445.15,Restaurant
2024-11-12,-0.21,6444.94,Restaurant
2024-11-13,-420.0,6024.94,Shopping
2024-11-14,-375.0,4920.72,Restaurant
2024-11-14,-0.11,5295.72,Bank Transfer
2024-11-14,-600.0,5297.94,Bank Transfer
2024-11-14,-127.0,5897.94,Restaurant
2024-11-14,-2.11,5295.83,Bank Transfer
2024-11-15,-330.0,4590.72,Restaurant
2024-11-15,-300.0,4290.72,Restaurant
2024-11-15,-4.22,4286.5,Bank Fee
2024-11-15,-0.21,4286.29,Bank Fee
2024-11-15,-327.79,3958.5,Restaurant
2024-11-16,-360.0,3598.5,Restaurant
2024-11-16,-395.0,3203.5,Restaurant
2024-11-16,-397.0,2806.5,Restaurant
2024-11-17,-264.0,1219.1,Restaurant
2024-11-17,-686.5,1483.1,Restaurant
2024-11-17,-636.9,2169.6,Restaurant
2024-11-18,-390.0,829.1,Restaurant
2024-11-19,-120.0,539.1,Restaurant
2024-11-19,-0.11,119.88,Bank Transfer
2024-11-19,-2.11,119.99,Bank Transfer
2024-11-19,-170.0,659.1,Restaurant
2024-11-19,-42.0,412.1,Transport
2024-11-19,-85.0,454.1,Coffee
2024-11-19,-290.0,122.1,Bank Transfer
2024-11-20,-115.0,4.88,School
2024-11-22,1500.0,1504.88,Bank Transfer
2024-11-22,-70.0,1434.88,School
2024-11-22,-30.0,1404.88,School
2024-11-22,-30.0,1374.88,Coffee
2024-11-22,-140.0,1234.88,Coffee
2024-11-22,-400.0,834.88,Restaurant
2024-11-23,-29.08,182.94,Restaurant
2024-11-23,-0.21,212.02,Bank Transfer
2024-11-23,-4.22,212.23,Bank Transfer
2024-11-23,-100.0,216.45,Bank Transfer
2024-11-23,-189.0,420.88,Transport
2024-11-23,-0.21,216.45,Bank Transfer
2024-11-23,-4.22,216.66,Bank Transfer
2024-11-23,-200.0,220.88,Bank Transfer
2024-11-23,-225.0,609.88,Restaurant
2024-11-23,100.0,316.45,Restaurant
2024-11-25,-2.11,230.83,Bank Transfer
2024-11-25,-0.11,230.72,Bank Transfer
2024-11-25,1000.0,1182.94,Bank Transfer
2024-11-25,-950.0,232.94,Bank Transfer
2024-11-26,-14.0,216.72,Restaurant
2024-11-26,-37.0,179.72,Restaurant
2024-11-26,-19.0,160.72,Restaurant
2024-11-26,-25.0,135.72,Restaurant
2024-11-28,-550.0,1181.5,Restaurant
2024-11-28,-0.11,2206.5,Bank Transfer
2024-11-28,-2.11,2206.61,Bank Transfer
2024-11-28,-475.0,1731.5,Restaurant
2024-11-28,2500.0,2608.72,Bank Transfer
2024-11-28,-16.0,108.72,Restaurant
2024-11-28,-11.0,124.72,Restaurant
2024-11-28,-400.0,2208.72,Bank Transfer
2024-11-29,-210.0,971.5,Bank Transfer
2024-11-29,-2.11,969.39,Bank Transfer
2024-11-29,-0.11,969.28,Bank Transfer
2024-11-29,2000.0,2969.28,Bank Transfer
2024-11-29,-16.0,2953.28,Restaurant
2024-11-29,-2900.0,53.28,Bank Transfer
2024-11-29,-2.11,51.17,Bank Transfer
2024-11-29,-0.11,51.06,Bank Transfer
2024-11-30,-47.0,11.06,Restaurant
2024-11-30,100.0,373.06,Bank Transfer
2024-11-30,-315.0,58.06,Restaurant
2024-11-30,-174.0,322.06,School
2024-11-30,475.0,526.06,Restaurant
2024-11-30,-49.0,273.06,School
2024-11-30,-30.0,496.06,Coffee
2024-12-02,5000.0,5011.06,Bank Transfer
2024-12-02,2500.0,7511.06,Bank Transfer
2024-12-02,-119.0,7392.06,School
2024-12-02,-440.0,6952.06,Restaurant
2024-12-02,-250.0,6702.06,Restaurant
2024-12-02,-4.22,6697.84,Bank Fee
2024-12-02,-0.21,6697.63,Bank Fee
2024-12-03,-560.0,5544.63,Dessert
2024-12-03,-473.0,6224.63,Restaurant
2024-12-03,-120.0,6104.63,Restaurant
2024-12-04,-253.99,5290.64,Food Delivery
2024-12-04,-255.0,5035.64,Restaurant
2024-12-04,-370.0,4665.64,Restaurant
2024-12-04,-550.0,4115.64,Restaurant
2024-12-05,-0.21,3622.15,Bank Fee
2024-12-05,-1500.0,512.25,Bank Transfer
2024-12-05,-376.9,2012.25,Grocery
2024-12-05,-0.99,3622.36,Bank Fee
2024-12-05,-760.0,2389.15,Restaurant
2024-12-05,-300.0,3626.64,Restaurant
2024-12-05,-3.29,3623.35,Restaurant
2024-12-05,-11.0,4104.64,Restaurant
2024-12-05,-11.0,4093.64,Restaurant
2024-12-05,-473.0,3149.15,Restaurant
2024-12-05,-156.0,3926.64,Restaurant
2024-12-05,-11.0,4082.64,Restaurant
2024-12-06,48.91,561.16,Grocery
2024-12-06,6000.0,6561.16,Bank Transfer
2024-12-06,-154.0,6407.16,Food Delivery
2024-12-06,-441.0,5966.16,Restaurant
2024-12-06,-550.0,5416.16,Restaurant
2024-12-06,-370.0,5046.16,Restaurant
2024-12-07,-20.0,5026.16,Transport
2024-12-08,-188.74,4837.42,Food Delivery
2024-12-08,-260.0,4577.42,Food Delivery
2024-12-08,-409.5,4167.92,Food Delivery
2024-12-09,-480.0,2814.92,Restaurant
2024-12-09,-1000.0,3167.92,Restaurant
2024-12-09,600.0,3767.92,Bank Transfer
2024-12-09,-473.0,3294.92,Restaurant
2024-12-10,-560.0,2254.92,Restaurant
2024-12-10,-30.0,2224.92,Restaurant
2024-12-10,-239.8,1985.12,Restaurant
2024-12-10,-191.92,1793.2,Grocery
2024-12-10,-330.0,1463.2,Food Delivery
2024-12-11,-862.0,191.39,Restaurant
2024-12-11,309.0,1053.39,Bank Transfer
2024-12-11,-609.6,744.39,Food Delivery
2024-12-11,24.78,1487.98,Grocery
2024-12-11,-133.99,1353.99,Food Delivery
2024-12-12,1000.0,1120.39,Bank Transfer
2024-12-12,-710.0,410.39,Restaurant
2024-12-12,-360.0,50.39,Restaurant
2024-12-12,298.0,348.39,Bank Transfer
2024-12-12,-179.75,168.64,Restaurant
2024-12-12,-71.0,120.39,Transport
2024-12-13,-15.53,153.11,Restaurant
2024-12-16,-196.95,816.21,Restaurant
2024-12-16,-370.0,1013.16,Restaurant
2024-12-16,-280.0,1383.16,Restaurant
2024-12-16,2000.0,2008.16,Bank Transfer
2024-12-16,-144.95,8.16,Restaurant
2024-12-16,-345.0,1663.16,Restaurant
2024-12-17,1000.0,1816.21,Bank Transfer
2024-12-17,-135.0,1681.21,School
2024-12-17,-85.0,1596.21,Coffee
2024-12-17,-18.0,1578.21,Coffee
2024-12-17,-274.9,1303.31,Restaurant
2024-12-18,-280.0,33.88,Restaurant
2024-12-18,-4.22,314.09,Bank Transfer
2024-12-18,-0.21,313.88,Bank Transfer
2024-12-18,-170.0,568.31,Food Delivery
2024-12-18,-150.0,738.31,Restaurant
2024-12-18,-415.0,888.31,Restaurant
2024-12-18,-250.0,318.31,Bank Transfer
2024-12-19,-20.0,13.88,Restaurant
2024-12-19,80.0,93.88,Restaurant
2024-12-19,400.0,493.88,Bank Transfer
2024-12-19,-420.0,73.88,Restaurant
2024-12-20,-0.11,2259.66,Bank Transfer
2024-12-20,-2.11,2259.77,Bank Transfer
2024-12-20,-935.0,2811.88,Restaurant
2024-12-20,-550.0,2261.88,Bank Transfer
2024-12-20,-192.0,3776.88,Coffee
2024-12-20,-105.0,3968.88,School
2024-12-20,4000.0,4073.88,Bank Transfer
2024-12-20,-30.0,3746.88,School
2024-12-21,-235.0,2024.66,School
2024-12-21,-40.0,1984.66,Transport
2024-12-21,-415.0,1569.66,Restaurant
2024-12-21,-250.0,1319.66,Grocery
2024-12-22,-330.0,989.66,School
2024-12-22,-570.0,419.66,Bank Transfer
2024-12-22,-2.11,417.55,Bank Transfer
2024-12-22,-0.11,417.44,Bank Transfer
2024-12-23,-499.0,643.44,Grocery
2024-12-23,-165.0,478.44,Restaurant
2024-12-23,-70.0,142.44,Restaurant
2024-12-23,1000.0,1142.44,Bank Transfer
2024-12-23,-205.0,212.44,School
2024-12-24,-125.0,4439.27,Restaurant
2024-12-24,-308.99,4564.27,Food Delivery
2024-12-24,-508.0,4873.26,Restaurant
2024-12-24,-0.21,5381.26,Bank Transfer
2024-12-24,2000.0,2478.44,Bank Transfer
2024-12-24,-500.0,5385.69,Bank Transfer
2024-12-24,-11.25,5885.69,Restaurant
2024-12-24,-81.5,5896.94,Restaurant
2024-12-24,3500.0,5978.44,Bank Transfer
2024-12-24,-4.22,5381.47,Bank Transfer
2024-12-25,-366.44,4072.83,Restaurant
2024-12-25,-270.0,3802.83,Restaurant
2024-12-25,-400.0,3402.83,Grocery
2024-12-25,-80.0,3322.83,Coffee
2024-12-26,-249.9,1606.98,Restaurant
2024-12-26,-910.0,1856.88,Dessert
2024-12-26,-186.95,2820.88,Restaurant
2024-12-26,-150.0,3007.83,Restaurant
2024-12-26,-165.0,3157.83,Restaurant
2024-12-26,-54.0,2766.88,Grocery
2024-12-26,-910.0,1856.88,Dessert
2024-12-26,-54.0,2766.88,Grocery
2024-12-26,-249.9,1606.98,Restaurant
2024-12-26,-186.95,2820.88,Restaurant
2024-12-26,-150.0,3007.83,Restaurant
2024-12-26,-165.0,3157.83,Restaurant
2024-12-27,-820.0,472.55,Restaurant
2024-12-27,-0.21,1292.55,Bank Transfer
2024-12-27,-100.0,1296.98,Bank Transfer
2024-12-27,-210.0,1396.98,Coffee
2024-12-27,-4.22,1292.76,Bank Transfer
2024-12-29,-96.0,376.55,Coffee
2024-12-29,-176.95,199.6,Restaurant
2024-12-29,-169.9,29.7,Grocery
2025-01-02,-260.0,6687.7,Restaurant
2025-01-02,-70.0,7459.7,Coffee
2025-01-02,7500.0,7529.7,Bank Transfer
2025-01-02,-512.0,6947.7,Restaurant
2025-01-03,-70.0,6617.7,Coffee
2025-01-03,-225.0,5989.4,Restaurant
2025-01-03,-305.0,5684.4,Restaurant
2025-01-03,-403.3,6214.4,Restaurant
2025-01-04,-114.0,5570.4,Coffee
2025-01-04,-305.06,5265.34,Restaurant
2025-01-04,-210.0,5055.34,Restaurant
2025-01-04,-370.0,4685.34,Restaurant
2025-01-05,-64.0,4117.91,Restaurant
2025-01-05,-463.51,3359.4,Food Delivery
2025-01-05,-295.0,3822.91,Restaurant
2025-01-05,-0.21,4181.91,Bank Fee
2025-01-05,-251.0,4186.34,Restaurant
2025-01-05,-4.22,4182.12,Bank Fee
2025-01-05,-248.0,4437.34,School
2025-01-06,-409.99,8349.41,Restaurant
2025-01-06,6000.0,9359.4,Bank Transfer
2025-01-06,-600.0,8759.4,Restaurant
2025-01-07,-315.0,8034.41,School
2025-01-07,-49.0,7985.41,School
2025-01-07,-424.9,7560.51,Restaurant
2025-01-07,-1000.0,6560.51,Restaurant
2025-01-08,-70.0,6490.51,School
2025-01-08,-218.0,6272.51,School
2025-01-08,-274.55,5997.96,Restaurant
2025-01-08,-160.0,5837.96,Restaurant
2025-01-09,-272.19,4272.19,Restaurant
2025-01-09,-55.0,4544.38,Restaurant
2025-01-09,-0.3,4599.38,Bank Fee
2025-01-09,-6.09,4599.68,Bank Fee
2025-01-09,-110.0,5168.96,Restaurant
2025-01-09,-343.19,4825.77,Restaurant
2025-01-09,-285.0,5278.96,Restaurant
2025-01-09,-160.0,5563.96,Transport
2025-01-09,-114.0,5723.96,Coffee
2025-01-09,-220.0,4605.77,Restaurant
2025-01-10,-159.91,4112.28,Restaurant
2025-01-10,-95.0,4017.28,Restaurant
2025-01-10,-220.0,3797.28,Grocery
2025-01-11,2000.0,4336.98,Bank Transfer
2025-01-11,-733.0,2336.98,Restaurant
2025-01-11,-500.0,3076.37,Bank Transfer
2025-01-11,-6.09,3070.28,Bank Transfer
2025-01-11,-220.91,3576.37,Pharmacy
2025-01-11,-0.3,3069.98,Bank Transfer
2025-01-12,-71.0,4265.98,Transport
2025-01-12,-211.0,4054.98,Transport
2025-01-12,-38.0,4016.98,Transport
2025-01-12,-234.0,3782.98,School
2025-01-12,-348.64,3434.34,Restaurant
2025-01-12,-247.0,3187.34,Restaurant
2025-01-12,-17.5,3169.84,Restaurant
2025-01-13,-588.5,855.34,Restaurant
2025-01-13,-62.0,3107.84,Transport
2025-01-13,-222.0,2885.84,Transport
2025-01-13,-1442.0,1443.84,Restaurant
2025-01-14,-533.0,322.34,Restaurant
2025-01-14,-100.0,222.34,Bakery
2025-01-14,-184.5,37.84,Restaurant
2025-01-15,6000.0,6037.84,Bank Transfer
2025-01-15,-113.95,5923.89,Restaurant
2025-01-16,-151.45,4113.45,Restaurant
2025-01-16,-305.0,3808.45,Restaurant
2025-01-16,-340.0,5364.9,Restaurant
2025-01-16,-1100.0,4264.9,Restaurant
2025-01-16,-218.99,5704.9,Restaurant
2025-01-17,-435.0,2814.5,Restaurant
2025-01-17,-113.95,3249.5,Restaurant
2025-01-17,-445.0,3363.45,Restaurant
2025-01-19,-220.0,2594.5,Restaurant
2025-01-19,-430.35,2164.15,Restaurant
2025-01-20,-445.0,1719.15,Restaurant
2025-01-20,-100.0,1619.15,Restaurant
2025-01-20,-18.0,1601.15,Coffee
2025-01-20,-337.0,1264.15,Restaurant
2025-01-21,-500.0,764.15,Restaurant
2025-01-22,-0.3,807.76,Bank Transfer
2025-01-22,-6.09,808.06,Bank Transfer
2025-01-22,-5200.0,814.15,Bank Transfer
2025-01-22,5250.0,6014.15,Restaurant
2025-01-23,5000.0,5807.76,Bank Transfer
2025-01-23,-350.0,5457.76,Restaurant
2025-01-24,-75.0,5382.76,Restaurant
2025-01-24,-50.0,5332.76,Restaurant
2025-01-24,-215.0,5117.76,Fast Food
2025-01-24,-220.0,4897.76,Restaurant
2025-01-25,-1770.0,1695.42,Restaurant
2025-01-25,-6.09,3465.72,Bank Fee
2025-01-25,-0.3,3465.42,Bank Fee
2025-01-25,-680.0,4116.81,Restaurant
2025-01-25,-100.95,4796.81,Restaurant
2025-01-25,-645.0,3471.81,Restaurant
2025-01-26,800.0,2495.42,Restaurant
2025-01-26,-1678.0,817.42,Restaurant
2025-01-26,-220.0,597.42,Restaurant
2025-01-26,-70.0,527.42,Restaurant
2025-01-27,-120.0,407.42,Restaurant
2025-01-28,-220.0,187.42,Restaurant
2025-01-30,-140.0,47.42,Restaurant
2025-02-02,-29.0,116.42,Restaurant
2025-02-02,-20.7,95.72,Restaurant
2025-02-02,-1.0,146.42,Restaurant
2025-02-02,100.0,147.42,Bank Transfer
2025-02-02,-1.0,145.42,Restaurant
2025-02-03,1.0,96.72,Restaurant
2025-02-03,1.0,97.72,Restaurant
2025-02-03,7500.0,7597.72,Bank Transfer
2025-02-03,-2499.0,5098.72,Restaurant
2025-02-03,-2000.0,3098.72,Restaurant
2025-02-03,-42.0,3056.72,Transport
2025-02-03,-44.76,3011.96,Restaurant
2025-02-03,-630.0,2381.96,Restaurant
2025-02-04,-768.75,1613.21,Restaurant
2025-02-04,-180.0,1433.21,Restaurant
2025-02-04,-595.0,838.21,Restaurant
2025-02-05,-295.0,543.21,Grocery
2025-02-06,-830.0,12913.21,Restaurant
2025-02-06,13200.0,13743.21,Bank Transfer
2025-02-07,-520.5,10372.71,Restaurant
2025-02-07,-220.0,12693.21,Restaurant
2025-02-07,-1500.0,11193.21,Restaurant
2025-02-07,-300.0,10893.21,Restaurant
2025-02-08,-16.0,10356.71,Restaurant
2025-02-08,300.0,10656.71,Bank Transfer
2025-02-09,-80.0,10576.71,Restaurant
2025-02-09,-414.01,10162.7,Restaurant
2025-02-09,-110.0,10052.7,Restaurant
2025-02-09,-259.99,9792.71,Restaurant
2025-02-09,-640.0,9152.71,Fast Food
2025-02-09,-385.0,8767.71,Restaurant
2025-02-09,-450.0,8317.71,Restaurant
2025-02-11,-390.0,6626.44,Food Delivery
2025-02-11,-517.5,7016.44,Restaurant
2025-02-11,-0.3,7533.94,Bank Transfer
2025-02-11,-6.09,7534.24,Bank Transfer
2025-02-11,-200.0,7540.33,Bank Transfer
2025-02-11,-736.55,7429.16,Restaurant
2025-02-11,-48.33,8180.33,Grocery
2025-02-11,800.0,8228.66,Bank Transfer
2025-02-11,-0.5,7428.66,Restaurant
2025-02-11,-38.0,8165.71,Transport
2025-02-11,-114.0,8203.71,Coffee
2025-02-11,-440.0,7740.33,Grocery
2025-02-12,-220.0,6406.44,Restaurant
2025-02-13,-1180.0,4653.44,Restaurant
2025-02-13,-208.0,6198.44,Transport
2025-02-13,-55.0,6143.44,School
2025-02-13,-310.0,5833.44,Restaurant
2025-02-14,-1205.0,3448.44,Restaurant
2025-02-14,-715.0,2733.44,Restaurant
2025-02-16,-220.14,2513.3,Restaurant
2025-02-17,-500.0,2013.3,Shopping
2025-02-18,-604.5,1408.8,Restaurant
2025-02-18,-374.15,1034.65,Restaurant
2025-02-18,400.0,1434.65,Restaurant
2025-02-19,-257.5,540.2,Restaurant
2025-02-19,-470.0,964.65,Shopping
2025-02-19,-166.95,797.7,Restaurant
2025-02-21,-350.0,190.2,Bank Transfer
2025-02-21,-6.09,184.11,Bank Transfer
2025-02-21,-0.3,183.81,Bank Transfer
2025-02-23,-20.0,163.81,Restaurant
2025-02-24,1000.0,1163.81,Bank Transfer
2025-02-24,-500.0,663.81,Restaurant
2025-02-24,-6.09,657.72,Bank Fee
2025-02-24,-0.3,657.42,Bank Fee
2025-02-25,-475.99,181.43,Restaurant
2025-02-26,2000.0,2012.43,Bank Transfer
2025-02-26,-55.0,12.43,School
2025-02-26,-114.0,67.43,Coffee
2025-02-27,-494.5,2117.93,Food Delivery
2025-02-27,1000.0,3012.43,Bank Transfer
2025-02-27,-400.0,2612.43,Restaurant
2025-02-28,-114.0,2003.93,Coffee
2025-02-28,-200.0,1803.93,School
2025-02-28,-55.0,1748.93,School
2025-03-01,-169.0,1579.93,Transport
2025-03-01,-228.0,1351.93,Coffee
2025-03-01,-480.0,871.93,Grocery
2025-03-01,100.0,971.93,Bank Transfer
2025-03-01,-875.0,96.93,Restaurant
2025-03-02,-0.3,0.54,Bank Transfer
2025-03-02,-6.09,0.84,Bank Transfer
2025-03-02,-790.0,6.93,Bank Transfer
2025-03-02,300.0,396.93,Bank Transfer
2025-03-02,400.0,796.93,Restaurant
2025-03-03,7500.0,7500.54,Bank Transfer
2025-03-03,-268.97,7231.57,Food Delivery
2025-03-03,-2000.0,5231.57,Restaurant
2025-03-03,-21.91,5209.66,Restaurant
2025-03-03,-0.99,5208.67,Bank Fee
2025-03-03,-1.14,5207.53,Bank Fee
2025-03-03,-244.0,4963.53,Restaurant
2025-03-04,-480.5,3819.04,Restaurant
2025-03-04,-500.0,4299.54,Restaurant
2025-03-04,-163.99,4799.54,Restaurant
2025-03-05,-194.9,3305.15,Restaurant
2025-03-05,-178.99,3640.05,Restaurant
2025-03-05,-140.0,3500.05,Restaurant
2025-03-06,-57.0,3248.15,School
2025-03-06,-204.0,3044.15,Restaurant
2025-03-06,13200.0,16244.15,Bank Transfer
2025-03-06,-845.0,15399.15,Restaurant
2025-03-07,-3.04,14926.11,Bank Transfer
2025-03-07,-0.15,14925.96,Bank Transfer
2025-03-07,-100.0,15179.15,School
2025-03-07,-120.0,15279.15,Transport
2025-03-07,-250.0,14929.15,Bank Transfer
2025-03-08,-724.0,14201.96,Restaurant
2025-03-08,-1500.0,12661.96,Restaurant
2025-03-08,-3300.0,9361.96,Restaurant
2025-03-08,-6.09,9355.87,Bank Fee
2025-03-08,-0.3,9355.57,Bank Fee
2025-03-08,-660.0,8695.57,Restaurant
2025-03-08,-5.0,8690.57,Transport
2025-03-08,-40.0,8650.57,Transport
2025-03-08,-530.0,8120.57,Food Delivery
2025-03-08,-40.0,14161.96,Transport
2025-03-11,-175.0,6140.92,Grocery
2025-03-11,-1300.0,6315.92,Restaurant
2025-03-11,-149.0,7971.57,Transport
2025-03-11,-355.65,7615.92,Restaurant
2025-03-12,-120.0,5938.92,Restaurant
2025-03-12,-125.0,5813.92,Bakery
2025-03-12,-16.0,5797.92,Restaurant
2025-03-12,-75.0,5722.92,Restaurant
2025-03-12,-16.0,5706.92,Restaurant
2025-03-12,-330.0,5376.92,School
2025-03-12,-82.0,6058.92,Transport
2025-03-13,-230.0,4918.92,Restaurant
2025-03-13,-590.0,4328.92,Restaurant
2025-03-13,-114.0,5262.92,Coffee
2025-03-13,-114.0,5148.92,Coffee
2025-03-14,-120.0,4208.92,Restaurant
2025-03-14,-55.0,4153.92,Restaurant
2025-03-14,-328.99,3824.93,Restaurant
2025-03-14,-809.4,3015.53,Restaurant
2025-03-15,-450.0,2565.53,Restaurant
2025-03-15,-6.09,2559.44,Bank Fee
2025-03-15,-0.3,2559.14,Bank Fee
2025-03-16,-114.0,1881.19,Coffee
2025-03-16,-225.0,1995.19,School
2025-03-16,-1175.0,617.19,Restaurant
2025-03-16,-114.0,2258.19,Coffee
2025-03-16,-38.0,2220.19,Transport
2025-03-16,-89.0,1792.19,Restaurant
2025-03-16,-186.95,2372.19,Restaurant
2025-03-17,-135.89,481.3,Restaurant
2025-03-17,-329.9,151.4,Restaurant
2025-03-18,1350.0,1501.4,Bank Transfer
2025-03-18,-178.99,1322.41,Restaurant
2025-03-19,-187.0,1135.41,Transport
2025-03-19,-126.0,1009.41,Coffee
2025-03-19,-542.5,466.91,Restaurant
2025-03-19,-400.0,66.91,Restaurant
2025-03-20,500.0,566.91,Bank Transfer
2025-03-20,-390.99,175.92,Restaurant
2025-03-21,-40.0,21.92,Transport
2025-03-21,-114.0,61.92,Coffee
2025-03-23,200.0,221.92,Bank Transfer
2025-03-23,-215.0,6.92,Bank Transfer
2025-03-23,-6.09,0.83,Bank Transfer
2025-03-23,-0.3,0.53,Bank Transfer
2025-03-24,2000.0,2000.53,Bank Transfer
2025-03-24,-600.0,1400.53,Bank Transfer
2025-03-24,-3.04,1397.49,Bank Transfer
2025-03-24,-0.15,1397.34,Bank Transfer
2025-03-24,-273.99,1123.35,Restaurant
2025-03-25,-97.0,1026.35,Grocery
2025-03-25,-850.0,176.35,Restaurant
2025-03-26,-40.0,136.35,Restaurant
2025-03-26,-40.0,136.35,Restaurant
2025-03-27,2000.0,2136.35,Bank Transfer
2025-03-27,-1250.0,886.35,Restaurant
2025-03-28,-440.0,446.35,Restaurant
2025-03-29,3000.0,3446.35,Bank Transfer
2025-03-29,-40.0,3406.35,Transport
2025-03-29,-72.45,3333.9,Restaurant
2025-03-29,-50.0,3283.9,Bank Transfer
2025-03-29,-6.09,3277.81,Bank Transfer
2025-03-29,-0.3,3277.51,Bank Transfer
2025-03-30,-200.0,3077.51,Bank Transfer
2025-03-30,-6.09,3071.42,Bank Transfer
2025-03-30,-0.3,3071.12,Bank Transfer
2025-03-31,-555.0,810.62,Food Delivery
2025-03-31,-40.0,1365.62,Transport
2025-03-31,-545.0,2526.12,Restaurant
2025-03-31,-860.5,1665.62,Restaurant
2025-03-31,-260.0,1405.62,Restaurant
2025-04-02,7500.0,8310.62,Bank Transfer
2025-04-03,-150.0,8160.62,Restaurant
2025-04-03,-237.53,7923.09,Restaurant
2025-04-03,-572.99,7350.1,Food Delivery
2025-04-04,-785.0,6565.1,Restaurant
2025-04-05,12000.0,18565.1,Bank Transfer
2025-04-05,-37.5,18527.6,Restaurant
2025-04-06,-395.85,17076.76,Pharmacy
2025-04-06,-308.99,18218.61,Restaurant
2025-04-06,-746.0,17472.61,Restaurant
2025-04-07,-365.25,16711.51,Restaurant
2025-04-07,-510.0,16201.51,Grocery
2025-04-08,-455.0,15746.51,Food Delivery
2025-04-08,-400.0,15346.51,Bakery
2025-04-09,-230.0,15116.51,Restaurant
2025-04-09,-580.0,14536.51,Restaurant
2025-04-10,-340.0,14196.51,Restaurant
2025-04-10,-45.0,14151.51,Coffee
2025-04-11,-250.0,13311.51,Grocery
2025-04-11,-396.0,12915.51,Restaurant
2025-04-11,-500.0,13651.51,Restaurant
2025-04-11,-90.0,13561.51,Coffee
2025-04-12,-298.99,12616.52,Restaurant
2025-04-12,-10.0,12606.52,Restaurant
2025-04-12,-35.0,12571.52,Restaurant
2025-04-12,-507.0,12064.52,Shopping
2025-04-12,-450.0,11614.52,Bakery
2025-04-13,-120.0,11494.52,Transport
2025-04-13,-90.0,11404.52,Restaurant
2025-04-13,-328.99,11075.53,Restaurant
2025-04-14,-3.04,10456.07,Bank Transfer
2025-04-14,-350.0,10459.11,Bank Transfer
2025-04-14,-0.15,10455.92,Bank Transfer
2025-04-14,-337.41,11067.11,Food Delivery
2025-04-14,-258.0,10809.11,Restaurant
2025-04-14,328.99,11404.52,Food Delivery
2025-04-15,337.41,10793.33,Food Delivery
2025-04-15,-350.0,10443.33,Restaurant
2025-04-15,-6.09,10437.24,Bank Fee
2025-04-15,-0.3,10436.94,Bank Fee
2025-04-15,-250.0,10186.94,Bank Transfer
2025-04-15,-3.04,10183.9,Bank Transfer
2025-04-15,-0.15,10183.75,Bank Transfer
2025-04-16,-163.99,10019.76,Restaurant
2025-04-16,-294.7,9725.06,Restaurant
2025-04-17,-101.4,8423.66,Restaurant
2025-04-17,-525.0,8525.06,Restaurant
2025-04-17,-205.0,9050.06,Restaurant
2025-04-17,-270.0,9455.06,Restaurant
2025-04-17,-200.0,9255.06,Restaurant
2025-04-18,-228.0,8195.66,Coffee
2025-04-18,-365.0,7830.66,Restaurant
2025-04-18,-178.99,7651.67,Restaurant
2025-04-18,-286.7,7364.97,Food Delivery
2025-04-18,-719.6,6645.37,Restaurant
2025-04-19,-955.0,5690.37,Restaurant
2025-04-19,-170.74,5519.63,Food Delivery
2025-04-20,-1881.0,3378.63,Restaurant
2025-04-20,-1100.0,3178.63,Restaurant
2025-04-20,900.0,4278.63,Bank Transfer
2025-04-20,-30.0,5489.63,Restaurant
2025-04-20,-230.0,5259.63,Grocery
2025-04-21,-700.0,2478.63,Restaurant
2025-04-21,350.0,2828.63,Bank Transfer
2025-04-21,-170.0,2658.63,Restaurant
2025-04-21,-490.0,2168.63,Restaurant
2025-04-22,-178.99,1989.64,Restaurant
2025-04-22,-294.7,1694.94,Restaurant
2025-04-23,-270.0,1424.94,Food Delivery
2025-04-23,-669.6,755.34,Restaurant
2025-04-23,300.0,1055.34,Bank Transfer
2025-04-23,-200.0,855.34,Restaurant
2025-04-26,-0.3,648.95,Bank Transfer
2025-04-26,-6.09,649.25,Bank Transfer
2025-04-26,-200.0,655.34,Bank Transfer
2025-04-28,-25.0,623.95,Restaurant
2025-04-28,-540.0,83.95,Restaurant
2025-05-02,7500.0,7583.95,Bank Transfer
2025-05-02,-300.0,7283.95,Restaurant
2025-05-02,-6.09,7277.86,Bank Fee
2025-05-02,-0.3,7277.56,Bank Fee
2025-05-02,-345.0,6932.56,Restaurant
2025-05-02,-450.0,6482.56,Bakery
2025-05-02,-400.0,6082.56,Restaurant
2025-05-02,200.0,6282.56,Bank Transfer
2025-05-03,-179.9,5572.67,Restaurant
2025-05-03,-351.0,5752.57,Restaurant
2025-05-03,-178.99,6103.57,Restaurant
2025-05-04,-1000.0,3210.47,Restaurant
2025-05-04,-80.0,5492.67,Restaurant
2025-05-04,-785.0,4707.67,Restaurant
2025-05-04,-497.2,4210.47,Restaurant
2025-05-05,25.0,15946.73,Subscription
2025-05-05,0.05,15921.73,Subscription
2025-05-05,-0.05,15921.68,Subscription
2025-05-05,-594.5,15352.23,Restaurant
2025-05-05,1000.0,15946.73,Bank Transfer
2025-05-05,-263.74,14946.73,Grocery
2025-05-05,12000.0,15210.47,Bank Transfer
2025-05-05,-25.0,15921.73,Subscription
2025-05-06,33.9,15386.13,Grocery
2025-05-06,-200.0,15007.14,Restaurant
2025-05-06,-550.0,14457.14,Restaurant
2025-05-06,-531.0,13926.14,Restaurant
2025-05-06,-178.99,15207.14,Restaurant
2025-05-07,-0.15,13207.95,Bank Transfer
2025-05-07,-145.0,13781.14,Coffee
2025-05-07,-15.0,13766.14,School
2025-05-07,-305.0,13461.14,School
2025-05-07,-250.0,13211.14,Bank Transfer
2025-05-07,-3.04,13208.1,Bank Transfer
2025-05-08,-908.0,11597.95,Restaurant
2025-05-08,-252.0,12955.95,Coffee
2025-05-08,-450.0,12505.95,Restaurant
2025-05-09,-397.0,11200.95,Coffee
2025-05-09,-20.0,11180.95,Transport
2025-05-09,-645.0,10535.95,Restaurant
2025-05-09,-349.5,10186.45,Restaurant
2025-05-10,-100.0,10086.45,Coffee
2025-05-10,-195.0,9891.45,Restaurant
2025-05-10,-390.0,9501.45,Dessert
2025-05-11,-125.0,9376.45,Transport
2025-05-11,-565.0,8811.45,Restaurant
2025-05-11,-210.0,8601.45,Grocery
2025-05-12,-660.0,7101.45,Restaurant
2025-05-12,-840.0,7761.45,Restaurant
2025-05-14,-500.0,6601.45,Bank Transfer
2025-05-14,-3.04,6598.41,Bank Transfer
2025-05-14,-0.15,6598.26,Bank Transfer
2025-05-14,500.0,7098.26,Bank Transfer
2025-05-14,-1460.0,5638.26,Restaurant
2025-05-15,-670.0,4968.26,Restaurant
2025-05-15,-560.0,4408.26,Dessert
2025-05-16,-165.0,4243.26,Restaurant
2025-05-16,-220.24,4023.02,Restaurant
2025-05-17,-355.0,3668.02,Restaurant
2025-05-17,-250.0,3418.02,Dessert
2025-05-19,6000.0,9418.02,Bank Transfer
2025-05-19,-6000.0,3418.02,Restaurant
2025-05-19,-0.3,3411.63,Bank Fee
2025-05-19,305.0,3411.63,Restaurant
2025-05-19,-6.09,3411.93,Bank Fee
2025-05-19,-305.0,3106.63,Restaurant
2025-05-20,-100.0,3311.63,Coffee
2025-05-20,-485.0,2826.63,Restaurant
2025-05-20,-405.0,2421.63,Restaurant
2025-05-20,-178.99,2242.64,Restaurant
2025-05-21,-252.0,1990.64,Coffee
2025-05-21,-448.44,1542.2,Restaurant
2025-05-21,-230.0,1312.2,Food Delivery
2025-05-21,-339.6,972.6,Restaurant
2025-05-22,-575.0,397.6,Restaurant
2025-05-22,-230.0,167.6,Grocery
2025-05-24,-139.0,28.6,Restaurant
2025-05-25,-174.0,6115.18,Restaurant
2025-05-25,-225.0,1883.79,Restaurant
2025-05-25,-0.3,2108.79,Bank Transfer
2025-05-25,-6.09,2109.09,Bank Transfer
2025-05-25,-4000.0,2115.18,Bank Transfer
2025-05-25,-214.08,6289.18,Restaurant
2025-05-25,-89.0,6775.65,Restaurant
2025-05-25,-6.09,6503.56,Bank Transfer
2025-05-25,-140.0,6509.65,Bank Transfer
2025-05-25,-126.0,6649.65,Coffee
2025-05-25,-163.95,6864.65,Restaurant
2025-05-25,7000.0,7028.6,Bank Transfer
2025-05-25,-0.3,6503.26,Bank Transfer
2025-05-26,-6.09,1311.51,Bank Fee
2025-05-26,-0.3,1311.21,Bank Fee
2025-05-26,-60.0,1317.6,Restaurant
2025-05-26,-6.09,1377.9,Bank Fee
2025-05-26,-199.8,1683.99,Restaurant
2025-05-26,-300.0,1383.99,Restaurant
2025-05-26,-0.3,1377.6,Bank Fee
2025-05-27,-200.9,1110.31,Transport
2025-05-27,-246.4,863.91,Restaurant
2025-05-27,-353.0,510.91,Restaurant
2025-05-27,-6.09,504.82,Bank Fee
2025-05-27,-0.3,504.52,Bank Fee
2025-05-27,-302.9,201.62,Restaurant
2025-05-28,-45.0,156.62,Restaurant
2025-05-30,-126.0,30.62,Coffee
2025-05-31,-175.94,259.68,Grocery
2025-05-31,-375.0,655.62,Restaurant
2025-05-31,-220.0,435.62,Grocery
2025-05-31,1000.0,1030.62,Bank Transfer
2025-06-01,22.45,282.13,Grocery
2025-06-01,-126.0,156.13,Coffee
2025-06-01,-80.0,76.13,Restaurant
2025-06-02,-455.1,7021.03,Restaurant
2025-06-02,7500.0,7576.13,Bank Transfer
2025-06-02,-100.0,7476.13,Restaurant
2025-06-03,-0.15,5937.84,Bank Transfer
2025-06-03,-280.0,5657.84,Restaurant
2025-06-03,-3.04,5937.99,Bank Transfer
2025-06-03,200.0,6476.03,Bank Transfer
2025-06-03,-425.0,6276.03,Restaurant
2025-06-03,-320.0,6701.03,Transport
2025-06-03,-535.0,5941.03,Bank Transfer
2025-06-04,-149.9,5507.94,Transport
2025-06-04,-400.0,5107.94,Restaurant
2025-06-04,-140.0,4967.94,School
2025-06-04,-100.0,4867.94,Subscription
2025-06-04,-0.2,4867.74,Subscription
2025-06-04,-2000.0,2867.74,Restaurant
2025-06-05,-30.0,13425.74,Restaurant
2025-06-05,-250.0,11935.74,Restaurant
2025-06-05,-540.0,12185.74,Restaurant
2025-06-05,-1580.0,12725.74,Fast Food
2025-06-05,-350.0,14517.74,Coffee
2025-06-05,-92.0,13455.74,Grocery
2025-06-05,-970.0,13547.74,Restaurant
2025-06-05,12000.0,14867.74,Bank Transfer
2025-06-05,880.0,14305.74,Bank Transfer
2025-06-06,-610.0,18310.29,Grocery
2025-06-06,200.0,18510.29,Bank Transfer
2025-06-06,-510.0,19595.29,Restaurant
2025-06-06,-395.0,18515.29,Restaurant
2025-06-06,-6.09,18509.2,Bank Fee
2025-06-06,-0.3,18508.9,Bank Fee
2025-06-06,400.0,18910.29,Bank Transfer
2025-06-06,-400.0,18920.29,Restaurant
2025-06-06,-70.0,20105.29,Transport
2025-06-06,-167.95,20175.29,Restaurant
2025-06-06,-122.5,20343.24,Restaurant
2025-06-06,-70.0,20465.74,Transport
2025-06-06,-1400.0,20535.74,Restaurant
2025-06-06,5000.0,21935.74,Bank Transfer
2025-06-06,5000.0,16935.74,Bank Transfer
2025-06-06,-275.0,19320.29,Transport
2025-06-07,-484.09,18024.81,Transport
2025-06-07,-47.5,17977.31,Restaurant
2025-06-07,-575.0,17402.31,Restaurant
2025-06-08,-365.0,16846.66,Restaurant
2025-06-08,-30.0,17211.66,Restaurant
2025-06-08,-20.0,17241.66,Restaurant
2025-06-08,-140.0,17261.66,Restaurant
2025-06-08,-300.0,17102.31,Coffee
2025-06-08,-102.0,16301.66,Restaurant
2025-06-08,-682.65,16403.66,Restaurant
2025-06-08,-16.0,17086.31,Restaurant
2025-06-08,1100.0,17401.66,Bank Transfer
2025-06-09,-0.3,6417.27,Bank Transfer
2025-06-09,-6.09,6417.57,Bank Transfer
2025-06-09,-1558.0,4859.27,Restaurant
2025-06-09,-3200.0,6423.66,Bank Transfer
2025-06-09,-2845.0,13403.66,Restaurant
2025-06-09,-2185.0,11218.66,Restaurant
2025-06-09,-528.0,16318.66,Restaurant
2025-06-09,-70.0,16248.66,Coffee
2025-06-09,-1595.0,9623.66,Restaurant
2025-06-10,1590.0,6449.27,Restaurant
2025-06-10,-1400.0,5049.27,Bank Transfer
2025-06-10,-6.09,5043.18,Bank Transfer
2025-06-10,-0.3,5042.88,Bank Transfer
2025-06-10,-1600.0,3442.88,Restaurant
2025-06-10,1600.0,5042.88,Restaurant
2025-06-10,-890.0,4152.88,Restaurant
2025-06-10,-460.0,3692.88,Restaurant
2025-06-11,-403.99,3928.9,Restaurant
2025-06-11,1200.0,4892.88,Bank Transfer
2025-06-11,-559.99,4332.89,Restaurant
2025-06-12,-685.0,3243.9,Restaurant
2025-06-12,500.0,3743.9,Bank Transfer
2025-06-12,500.0,4243.9,Bank Transfer
2025-06-12,-3276.01,967.89,Restaurant
2025-06-12,2400.0,3367.89,Bank Transfer
2025-06-12,-1695.0,1672.89,Shopping
2025-06-12,-958.99,713.9,Restaurant
2025-06-12,2500.0,3213.9,Bank Transfer
2025-06-13,-184.0,2394.91,Restaurant
2025-06-13,-710.0,1684.91,Restaurant
2025-06-13,-384.99,2828.91,Restaurant
2025-06-13,-250.0,2578.91,Restaurant
2025-06-14,-90.0,1594.91,Restaurant
2025-06-14,-400.0,1194.91,Restaurant
2025-06-14,-340.0,854.91,Restaurant
2025-06-14,-210.0,644.91,Restaurant
2025-06-14,5000.0,5644.91,Bank Transfer
2025-06-14,-250.0,5394.91,Restaurant
2025-06-14,-1080.0,4314.91,Restaurant
2025-06-14,540.0,4854.91,Bank Transfer
2025-06-15,-615.99,3808.93,Food Delivery
2025-06-15,-559.99,4294.92,Restaurant
2025-06-15,130.0,4424.92,Bank Transfer
2025-06-16,-1600.0,2208.93,Restaurant
2025-06-16,1400.0,3478.93,Bank Transfer
2025-06-16,-424.99,3053.94,Restaurant
2025-06-16,-130.0,2078.93,Coffee
2025-06-17,-184.91,2869.03,Restaurant
2025-06-17,-955.0,1914.03,Restaurant
2025-06-17,200.0,2114.03,Bank Transfer
2025-06-17,-487.99,1626.04,Food Delivery
2025-06-17,-60.0,1566.04,Restaurant
2025-06-18,-304.99,737.45,Restaurant
2025-06-18,-523.6,1042.44,Restaurant
2025-06-19,-140.58,4609.02,Restaurant
2025-06-19,-974.99,3634.03,Restaurant
2025-06-19,-77.0,4749.6,Grocery
2025-06-19,-90.0,5647.45,Restaurant
2025-06-19,-810.0,5087.45,Restaurant
2025-06-19,250.0,5897.45,Bank Transfer
2025-06-19,5000.0,5737.45,Bank Transfer
2025-06-19,-260.85,4826.6,Restaurant
2025-06-20,-615.99,13788.9,Food Delivery
2025-06-20,-0.3,14404.89,Bank Transfer
2025-06-20,-6.09,14405.19,Bank Transfer
2025-06-20,-500.0,14411.28,Bank Transfer
2025-06-20,-6821.0,15296.27,Restaurant
2025-06-20,-468.99,22117.27,Restaurant
2025-06-20,-183.99,22586.26,Restaurant
2025-06-20,19136.22,22770.25,School
2025-06-20,-384.99,14911.28,Restaurant
2025-06-21,-150.0,10372.51,Bank Transfer
2025-06-21,-0.3,10366.12,Bank Transfer
2025-06-21,-6.09,10366.42,Bank Transfer
2025-06-21,-350.0,10522.51,Coffee
2025-06-21,109.0,10475.12,Bank Transfer
2025-06-21,-12.5,10972.51,Grocery
2025-06-21,-1460.0,10985.01,Restaurant
2025-06-21,-219.9,12445.01,Restaurant
2025-06-21,-940.0,12664.91,Restaurant
2025-06-21,-183.99,13604.91,Restaurant
2025-06-21,-100.0,10872.51,Restaurant
2025-06-22,-340.0,10135.12,Restaurant
2025-06-22,-925.0,9210.12,Bank Transfer
2025-06-22,-6.09,9204.03,Bank Transfer
2025-06-22,-0.3,9203.73,Bank Transfer
2025-06-23,-350.0,8853.73,Restaurant
2025-06-23,-6.09,8847.64,Bank Fee
2025-06-23,-0.3,8847.34,Bank Fee
2025-06-23,-40.0,8807.34,Restaurant
2025-06-24,-1068.0,7332.95,Restaurant
2025-06-24,-400.0,8407.34,Bank Transfer
2025-06-24,-6.09,8401.25,Bank Transfer
2025-06-24,-0.3,8400.95,Bank Transfer
2025-06-25,-1000.0,6332.95,Bank Transfer
2025-06-25,-6.09,6326.86,Bank Transfer
2025-06-25,-0.3,6326.56,Bank Transfer
2025-06-25,-400.0,5926.56,Restaurant
2025-06-25,-6.09,5920.47,Bank Fee
2025-06-25,-0.3,5920.17,Bank Fee
2025-06-26,-390.0,5530.17,Restaurant
2025-06-26,-390.0,5530.17,Restaurant
2025-06-27,-671.0,8197.78,Restaurant
2025-06-27,4000.0,8978.78,Bank Transfer
2025-06-27,-110.0,8868.78,Restaurant
2025-06-27,-6.09,4979.08,Bank Transfer
2025-06-27,-545.0,4985.17,Bank Transfer
2025-06-27,-0.3,4978.78,Bank Transfer
2025-06-29,-1664.52,6533.26,Restaurant
2025-06-29,1700.0,8233.26,Bank Transfer
2025-06-29,-569.99,7663.27,Restaurant
2025-06-30,-6.09,5850.79,Bank Fee
2025-06-30,-900.0,5856.88,Restaurant
2025-06-30,-0.3,5850.49,Bank Fee
2025-06-30,-6.09,6757.18,Bank Fee
2025-06-30,-900.0,6763.27,Restaurant
2025-06-30,-0.3,6756.88,Bank Fee
2025-07-01,7500.0,13350.49,Bank Transfer
2025-07-01,1400.0,14750.49,Bank Transfer
2025-07-01,-5740.0,9010.49,Restaurant
2025-07-01,-6.09,9004.4,Bank Fee
2025-07-01,-0.3,9004.1,Bank Fee
2025-07-02,-105.4,8898.7,Restaurant
2025-07-02,-40.0,8858.7,Transport
2025-07-03,-1036.4,13549.7,Restaurant
2025-07-03,-40.0,14586.1,Transport
2025-07-03,-355.0,13194.7,Coffee
2025-07-03,6000.0,14676.05,Bank Transfer
2025-07-03,-182.65,8676.05,Restaurant
2025-07-03,-49.95,14626.1,Restaurant
2025-07-04,12000.0,25194.7,Bank Transfer
2025-07-04,-1665.0,23529.7,Restaurant
2025-07-04,-100.0,23429.7,Subscription
2025-07-04,-0.2,23429.5,Subscription
2025-07-05,-1698.4,21731.1,Restaurant
2025-07-05,-1000.0,20731.1,Bank Transfer
2025-07-05,-3.04,20728.06,Bank Transfer
2025-07-05,-0.15,20727.91,Bank Transfer
2025-07-06,-3000.0,17574.01,Shopping
2025-07-06,-93.9,20634.01,Restaurant
2025-07-06,-60.0,20574.01,Restaurant
2025-07-07,-71.4,17502.61,Restaurant
2025-07-08,-71.4,17431.21,Restaurant
2025-07-08,-71.4,17359.81,Restaurant
2025-07-09,-300.81,17059.0,Restaurant
2025-07-09,-3000.0,14059.0,Bank Transfer
2025-07-09,-6.09,14052.91,Bank Transfer
2025-07-09,-0.3,14052.61,Bank Transfer
2025-07-09,-299.7,13752.91,Restaurant
2025-07-10,-114.5,13638.41,Restaurant
2025-07-10,-8.81,13629.6,Restaurant
2025-07-10,-656.0,12973.6,Restaurant
2025-07-11,-365.0,11668.21,Restaurant
2025-07-11,-0.3,12033.21,Bank Transfer
2025-07-11,-34.0,12939.6,Restaurant
2025-07-11,-900.0,12039.6,Bank Transfer
2025-07-11,-6.09,12033.51,Bank Transfer
2025-07-12,-385.99,11282.22,Restaurant
2025-07-12,-420.99,10861.23,Restaurant
2025-07-12,-747.5,10113.73,Restaurant
2025-07-13,-231.73,9882.0,Food Delivery
2025-07-13,-1285.0,8597.0,Restaurant
2025-07-13,650.0,9247.0,Bank Transfer
2025-07-13,-295.0,8952.0,Restaurant
2025-07-15,-0.3,6792.42,Bank Fee
2025-07-15,-6.09,6792.72,Bank Fee
2025-07-15,-1000.0,6798.81,Restaurant
2025-07-15,-0.3,7798.81,Bank Fee
2025-07-15,-18.25,8706.2,Restaurant
2025-07-15,-175.0,7805.2,Restaurant
2025-07-15,-726.0,7980.2,Restaurant
2025-07-15,-227.55,8724.45,Restaurant
2025-07-15,-6.09,7799.11,Bank Fee
2025-07-16,-42.81,6749.61,Restaurant
2025-07-16,-40.0,6709.61,Transport
2025-07-17,-0.3,5703.22,Bank Fee
2025-07-17,-475.0,5228.22,Food Delivery
2025-07-17,-1000.0,5709.61,Restaurant
2025-07-17,-6.09,5703.52,Bank Fee
2025-07-18,-360.0,4868.22,Restaurant
2025-07-19,-990.0,3878.22,Restaurant
2025-07-19,-360.0,3518.22,Restaurant
2025-07-19,-700.0,2818.22,Grocery
2025-07-20,-378.99,2439.23,Restaurant
2025-07-20,-485.0,1954.23,Restaurant
2025-07-21,-40.0,1914.23,Transport
2025-07-22,-0.3,1471.85,Bank Fee
2025-07-22,-6.09,1472.15,Bank Fee
2025-07-22,5000.0,6528.24,Bank Transfer
2025-07-22,-385.99,1528.24,Restaurant
2025-07-22,-5050.0,1478.24,Restaurant
2025-07-23,-385.99,1085.86,Restaurant
2025-07-23,4000.0,5085.86,Bank Transfer
2025-07-23,-2245.0,2840.86,Restaurant
2025-07-23,-380.4,2460.46,Restaurant
2025-07-24,-1290.0,1170.46,Restaurant
2025-07-24,1000.0,2170.46,Bank Transfer
2025-07-24,-380.8,1789.66,Restaurant
2025-07-24,-365.0,1424.66,Restaurant
2025-07-24,-460.65,964.01,Transport
2025-07-25,-0.3,14539.23,Bank Transfer
2025-07-25,-6.09,14539.53,Bank Transfer
2025-07-25,1000.0,13615.23,Bank Transfer
2025-07-25,-21.0,14518.23,Restaurant
2025-07-25,-542.0,14545.62,Bank Transfer
2025-07-25,-1903.0,12615.23,Restaurant
2025-07-25,-500.0,15457.62,Restaurant
2025-07-25,-0.3,15957.62,Bank Transfer
2025-07-25,-6.09,15957.92,Bank Transfer
2025-07-25,-1000.0,15964.01,Bank Transfer
2025-07-25,16000.0,16964.01,Bank Transfer
2025-07-25,-370.0,15087.62,Restaurant
2025-07-26,-1725.0,7988.83,Grocery
2025-07-26,3000.0,11683.84,Bank Transfer
2025-07-26,-2525.0,8683.84,Restaurant
2025-07-26,-1970.01,9713.83,Restaurant
2025-07-26,-0.3,12208.84,Bank Fee
2025-07-26,-6.09,12209.14,Bank Fee
2025-07-26,-1000.0,12215.23,Restaurant
2025-07-26,-400.0,13215.23,Restaurant
2025-07-26,-1000.0,11208.84,Restaurant
2025-07-27,-229.99,7758.84,Restaurant
2025-07-27,-99.29,7659.55,Restaurant
2025-07-27,-0.2,7659.35,Restaurant
2025-07-27,-99.29,7560.06,Restaurant
2025-07-27,-0.2,7559.86,Restaurant
2025-07-27,-7550.86,9.0,Bank Transfer
2025-07-27,-6.09,2.91,Bank Transfer
2025-07-27,-0.3,2.61,Bank Transfer
2025-07-31,-6.09,4.13,Bank Transfer
2025-07-31,-0.3,3.83,Bank Transfer
2025-07-31,-5110.0,10.22,Bank Transfer
2025-07-31,-6.09,120.52,Bank Transfer
2025-07-31,-0.3,120.22,Bank Transfer
2025-07-31,500.0,502.61,Bank Transfer
2025-07-31,-376.0,126.61,Bank Transfer
2025-07-31,5000.0,5120.22,Bank Transfer
2025-08-01,7500.0,7503.83,Bank Transfer
2025-08-01,-7490.0,13.83,Bank Transfer
2025-08-01,-12.19,1.64,Bank Transfer
2025-08-01,-0.61,1.03,Bank Transfer
2025-08-01,500.0,501.03,Bank Transfer
2025-08-01,-157.95,343.08,Restaurant
2025-08-01,-11.46,331.62,Restaurant
2025-08-01,-45.0,286.62,Restaurant
2025-08-02,-90.0,17.62,Restaurant
2025-08-02,-229.0,57.62,Restaurant
2025-08-02,50.0,107.62,Bank Transfer
2025-08-03,-0.15,73.46,Bank Transfer
2025-08-03,-3.04,73.61,Bank Transfer
2025-08-03,-615.0,76.65,Bank Transfer
2025-08-03,450.0,691.65,Bank Transfer
2025-08-03,-2250.0,508.04,Bank Transfer
2025-08-03,-0.3,501.65,Bank Transfer
2025-08-03,-6.09,501.95,Bank Transfer
2025-08-03,1125.0,2758.04,Bank Transfer
2025-08-03,-260.0,241.65,Grocery
2025-08-03,-0.3,508.04,Bank Transfer
2025-08-03,-6.09,508.34,Bank Transfer
2025-08-03,-750.0,514.43,Bank Transfer
2025-08-03,750.0,1264.43,Bank Transfer
2025-08-03,-0.15,514.43,Bank Transfer
2025-08-03,-3.04,514.58,Bank Transfer
2025-08-03,-500.0,517.62,Bank Transfer
2025-08-03,1000.0,1017.62,Bank Transfer
2025-08-03,1125.0,1633.04,Bank Transfer
2025-08-04,-13.86,2074.62,Shopping
2025-08-04,-0.3,9017.07,Bank Transfer
2025-08-04,-6928.59,2088.48,Shopping
2025-08-04,-50.0,9023.46,Bank Transfer
2025-08-04,9000.0,9073.46,Bank Transfer
2025-08-04,-6.09,9017.37,Bank Transfer
2025-08-05,12000.0,14074.62,Bank Transfer
2025-08-05,-525.0,13549.62,Restaurant
2025-08-06,-684.8,12864.82,Restaurant
2025-08-06,-400.0,12464.82,Restaurant
2025-08-07,-1000.0,11464.82,Restaurant
2025-08-08,-270.0,11194.82,Restaurant
2025-08-08,-35.0,11159.82,Coffee
2025-08-09,1600.0,10399.44,Bank Transfer
2025-08-09,-61.0,10338.44,Coffee
2025-08-09,-228.99,8799.44,Restaurant
2025-08-09,-500.0,9838.44,Restaurant
2025-08-09,-6.09,9028.73,Bank Fee
2025-08-09,-1600.0,9034.82,Restaurant
2025-08-09,-525.0,10634.82,Restaurant
2025-08-09,-0.3,9028.43,Bank Fee
2025-08-10,-228.99,9609.45,Restaurant
2025-08-10,-1075.0,8534.45,Restaurant
2025-08-10,-870.0,7664.45,Restaurant
2025-08-11,-560.0,7104.45,Restaurant
2025-08-11,-365.0,6739.45,Restaurant
2025-08-12,-560.0,6179.45,Restaurant
2025-08-12,-209.22,5970.23,Food Delivery
2025-08-13,-529.72,3083.6,Food Delivery
2025-08-13,-254.4,4040.32,Restaurant
2025-08-13,-427.0,3613.32,Restaurant
2025-08-13,-867.99,4543.62,Shopping
2025-08-13,-445.0,5411.61,Restaurant
2025-08-13,-113.62,5856.61,Pharmacy
2025-08-13,-248.9,4294.72,Restaurant
2025-08-14,-183.99,2899.61,Restaurant
2025-08-14,-254.4,2645.21,Restaurant
2025-08-14,-320.0,2325.21,Restaurant
2025-08-14,-325.24,1999.97,Food Delivery
2025-08-14,-252.46,1747.51,Restaurant
2025-08-15,-357.72,509.36,Food Delivery
2025-08-15,-595.0,867.08,Restaurant
2025-08-15,-595.0,1462.08,Restaurant
2025-08-15,325.24,2072.75,Food Delivery
2025-08-15,222.47,2325.21,Food Delivery
2025-08-15,29.99,2102.74,Food Delivery
2025-08-15,-268.13,2057.08,Restaurant
2025-08-16,43.5,552.86,Food Delivery
2025-08-17,-146.0,2024.11,Restaurant
2025-08-17,2000.0,2170.11,Bank Transfer
2025-08-17,-382.75,170.11,Pharmacy
2025-08-18,-180.0,882.78,Restaurant
2025-08-18,-760.0,1062.78,Restaurant
2025-08-18,-13.38,2010.73,Restaurant
2025-08-18,-15.0,1995.73,Restaurant
2025-08-18,-172.95,1822.78,Restaurant
2025-08-19,1004.48,1791.81,Shopping
2025-08-19,-95.45,787.33,Restaurant
2025-08-21,595.0,2386.81,Food Delivery
2025-08-22,-167.99,2218.82,Restaurant
2025-08-22,-155.0,2063.82,Restaurant
2025-08-24,2000.0,4063.82,Bank Transfer
2025-08-25,-180.0,3883.82,Subscription
2025-08-25,-0.36,3883.46,Subscription
2025-08-25,-1045.99,2837.47,Restaurant
2025-08-26,-399.99,1937.48,Restaurant
2025-08-26,-2500.0,337.47,Bank Transfer
2025-08-26,2000.0,2337.47,Bank Transfer
2025-08-27,-399.99,1537.49,Restaurant
2025-08-27,-1394.99,142.5,Restaurant
2025-08-27,500.0,642.5,Bank Transfer
2025-08-27,-385.0,257.5,Restaurant
2025-08-27,-254.9,2.6,Restaurant
2025-09-01,415.0,6127.89,Bank Transfer
2025-09-01,-390.0,5737.89,Restaurant
2025-09-01,-524.99,5712.89,Restaurant
2025-09-01,-574.99,5162.9,Restaurant
2025-09-01,-298.74,6803.87,Restaurant
2025-09-01,-399.99,7102.61,Restaurant
2025-09-01,-565.99,6237.88,Restaurant
2025-09-01,7500.0,7502.6,Bank Transfer
2025-09-02,-0.3,5143.71,Restaurant
2025-09-02,-6.09,5144.01,Restaurant
2025-09-02,-4000.0,5150.1,Restaurant
2025-09-02,13000.0,18162.9,Bank Transfer
2025-09-02,-12.19,9150.71,Transport
2025-09-02,-9000.0,9162.9,Transport
2025-09-02,-0.61,9150.1,Transport
2025-09-03,-387.39,4280.63,Restaurant
2025-09-03,-305.69,4838.02,Restaurant
2025-09-03,-170.0,4668.02,Restaurant
2025-09-04,-3500.0,780.63,Bank Transfer
2025-09-04,-6.09,774.54,Bank Transfer
2025-09-04,-0.3,774.24,Bank Transfer
2025-09-04,-144.95,26629.29,Restaurant
2025-09-04,-475.0,26154.29,Restaurant
2025-09-04,-171.95,25982.34,Restaurant
2025-09-04,26000.0,26774.24,Bank Transfer
2025-09-05,-7500.0,13355.95,Bank Transfer
2025-09-05,-979.0,13359.15,Restaurant
2025-09-05,995.0,14338.15,Bank Transfer
2025-09-05,-0.61,13343.15,Bank Transfer
2025-09-05,-12.19,13343.76,Bank Transfer
2025-09-05,-3000.0,20855.95,Restaurant
2025-09-05,-340.0,23855.95,Restaurant
2025-09-05,60.0,24965.95,Restaurant
2025-09-05,-60.0,24905.95,Restaurant
2025-09-05,-60.0,24965.95,Restaurant
2025-09-05,-0.3,25025.95,Bank Fee
2025-09-05,-6.09,25026.25,Bank Fee
2025-09-05,-950.0,25032.34,Restaurant
2025-09-05,-770.0,24195.95,Restaurant
2025-09-06,-1685.0,11674.15,Restaurant
2025-09-06,-1420.0,10254.15,Restaurant
2025-09-06,-735.0,9519.15,Restaurant
2025-09-06,-115.0,9404.15,Restaurant
2025-09-07,1000.0,6979.15,Bank Transfer
2025-09-07,-2245.0,5979.15,Restaurant
2025-09-07,-860.0,8224.15,Restaurant
2025-09-07,-300.0,9084.15,Restaurant
2025-09-07,-20.0,9384.15,Restaurant
2025-09-08,-360.0,6619.15,Restaurant
2025-09-08,-500.0,6119.15,Restaurant
2025-09-08,-910.0,5209.15,Restaurant
2025-09-08,-315.0,4894.15,Restaurant
2025-09-08,1995.0,6889.15,Bank Transfer
2025-09-08,-33.46,6855.69,Restaurant
2025-09-08,-1180.0,5675.69,Restaurant
2025-09-09,-695.0,1861.3,Restaurant
2025-09-09,-570.0,2556.3,Restaurant
2025-09-09,-590.0,3126.3,Restaurant
2025-09-09,2850.0,3716.3,Bank Transfer
2025-09-09,-3500.0,872.69,Restaurant
2025-09-09,-6.09,866.6,Bank Fee
2025-09-09,-710.0,4372.69,Restaurant
2025-09-09,-593.0,5082.69,Restaurant
2025-09-09,-0.3,866.3,Bank Fee
2025-09-10,-315.0,1546.3,Coffee
2025-09-10,-50.0,1496.3,Grocery
2025-09-10,-770.0,726.3,Restaurant
2025-09-11,17000.0,17726.3,Bank Transfer
2025-09-11,-1100.0,16626.3,Bank Transfer
2025-09-11,-6.09,16620.21,Bank Transfer
2025-09-11,-0.3,16619.91,Bank Transfer
2025-09-12,-1879.9,12923.64,Restaurant
2025-09-12,-554.98,14803.54,Restaurant
2025-09-12,-500.0,15358.52,Restaurant
2025-09-12,-300.0,16319.91,Bank Transfer
2025-09-12,-0.3,16313.52,Bank Transfer
2025-09-12,-6.09,16313.82,Bank Transfer
2025-09-12,-455.0,15858.52,Restaurant
2025-09-13,-173.98,12749.66,Restaurant
2025-09-13,-2422.98,10326.68,Restaurant
2025-09-13,-508.98,9817.7,Restaurant
2025-09-15,-360.0,12551.72,Restaurant
2025-09-15,-405.98,12911.72,Restaurant
2025-09-15,7000.0,16817.7,Bank Transfer
2025-09-15,-3500.0,13317.7,Bank Transfer
2025-09-16,-37.0,12108.74,Restaurant
2025-09-16,-405.98,12145.74,Restaurant
2025-09-17,-305.0,11803.74,Restaurant
2025-09-19,-2116.5,9687.24,Restaurant
2025-09-20,-405.98,9281.26,Restaurant
2025-09-20,-780.0,8501.26,Dessert
2025-09-21,-2500.0,6001.26,Bank Transfer
2025-09-21,-6.09,5995.17,Bank Transfer
2025-09-21,-0.3,5994.87,Bank Transfer
2025-09-21,-940.0,5054.87,Restaurant
2025-09-24,-0.3,2059.48,Bank Fee
2025-09-24,-380.0,2065.87,Restaurant
2025-09-24,-6.09,2059.78,Bank Fee
2025-09-24,-310.0,4204.87,Food Delivery
2025-09-24,-540.0,4514.87,Restaurant
2025-09-24,-1759.0,2445.87,Restaurant
2025-09-25,-180.0,1879.48,Subscription
2025-09-25,-0.36,1879.12,Subscription
2025-09-25,-591.98,1287.14,Restaurant
2025-09-25,-800.0,487.14,Bank Transfer
2025-09-25,43.0,530.14,Bank Transfer
2025-09-25,-516.98,13.16,Restaurant
2025-09-26,-1389.0,2141.14,Restaurant
2025-09-26,-388.22,746.53,Food Delivery
2025-09-26,-0.3,1134.75,Bank Transfer
2025-09-26,-6.09,1135.05,Bank Transfer
2025-09-26,-1000.0,1141.14,Bank Transfer
2025-09-26,3000.0,3530.14,Bank Transfer
2025-09-26,-1000.0,1141.14,Bank Transfer
2025-09-26,-388.22,746.53,Food Delivery
2025-09-26,516.98,530.14,Food Delivery
2025-09-26,516.98,530.14,Food Delivery
2025-09-26,3000.0,3530.14,Bank Transfer
2025-09-26,-1389.0,2141.14,Restaurant
2025-09-26,-6.09,1135.05,Bank Transfer
2025-09-26,-0.3,1134.75,Bank Transfer
2025-09-27,-130.0,616.53,Coffee
2025-09-27,-498.8,117.73,Shopping
2025-09-28,2000.0,2117.73,Bank Transfer
2025-09-28,-750.0,1367.73,Restaurant
2025-09-29,-480.0,887.73,Coffee
2025-09-29,-400.0,487.73,Restaurant
2025-09-30,100.0,587.73,Bank Transfer
2025-09-30,-545.01,42.72,Restaurant
2025-10-01,7500.0,7542.72,Bank Transfer
2025-10-01,-277.98,7264.74,Restaurant
2025-10-01,-565.0,6699.74,Grocery
2025-10-01,-260.0,6439.74,Coffee
2025-10-01,-70.0,6369.74,Coffee
2025-10-02,-300.0,6069.74,Coffee
2025-10-02,-65.31,6004.43,Grocery
2025-10-03,-495.99,5508.44,Restaurant
2025-10-03,-580.0,4928.44,Restaurant
2025-10-04,-825.0,4103.44,Grocery
2025-10-04,300.0,4403.44,Bank Transfer
2025-10-04,-299.4,4104.04,Food Delivery
2025-10-05,-1250.0,2854.04,Restaurant
2025-10-05,630.0,3484.04,Bank Transfer
2025-10-05,-1401.98,2082.06,Restaurant
2025-10-06,12000.0,14082.06,Bank Transfer
2025-10-06,-335.98,13746.08,Restaurant
2025-10-06,-520.0,13226.08,Grocery
2025-10-06,-495.99,12730.09,Restaurant
2025-10-07,-229.5,11528.32,Food Delivery
2025-10-07,-100.0,11950.77,Transport
2025-10-07,-679.32,12050.77,Restaurant
2025-10-07,-192.95,11757.82,Restaurant
2025-10-08,-275.0,11253.32,Restaurant
2025-10-08,-1100.0,10153.32,Bank Transfer
2025-10-08,-6.09,10147.23,Bank Transfer
2025-10-08,-0.3,10146.93,Bank Transfer
2025-10-08,-3500.0,6646.93,Restaurant
2025-10-08,-600.0,6046.93,Bank Transfer
2025-10-08,-3.04,6043.89,Bank Transfer
2025-10-08,-0.15,6043.74,Bank Transfer
2025-10-09,-1125.98,11161.16,Restaurant
2025-10-09,550.0,11711.16,Bank Transfer
2025-10-09,-229.5,12287.14,Food Delivery
2025-10-09,-677.1,5366.64,Restaurant
2025-10-09,-100.0,12766.64,Transport
2025-10-09,1000.0,12866.64,Bank Transfer
2025-10-09,6500.0,11866.64,Bank Transfer
2025-10-09,-250.0,12516.64,Restaurant
2025-10-10,-435.0,11276.16,Restaurant
2025-10-10,-130.0,11146.16,Coffee
2025-10-10,-1281.02,9865.14,Restaurant
2025-10-11,-344.98,9520.16,Restaurant
2025-10-11,-495.0,9025.16,Restaurant
2025-10-11,-495.0,8530.16,Restaurant
2025-10-11,495.0,9025.16,Restaurant
2025-10-12,-0.15,7079.59,Bank Transfer
2025-10-12,-3.04,7079.74,Bank Transfer
2025-10-12,-500.0,7082.78,Bank Transfer
2025-10-12,-490.99,7582.78,Restaurant
2025-10-12,-290.0,8735.16,Restaurant
2025-10-12,-0.3,8623.77,Bank Transfer
2025-10-12,-6.09,8624.07,Bank Transfer
2025-10-12,-105.0,8630.16,Bank Transfer
2025-10-12,-550.0,8073.77,Restaurant
2025-10-13,-515.99,5821.63,Restaurant
2025-10-13,-85.0,6583.61,Restaurant
2025-10-13,-410.98,6668.61,Restaurant
2025-10-13,-245.99,6337.62,Restaurant
2025-10-14,-410.98,5410.65,Restaurant
2025-10-15,-220.0,5190.65,Coffee
2025-10-15,-250.0,4940.65,Restaurant
2025-10-15,-392.92,4547.73,Restaurant
2025-10-15,-430.0,4117.73,Restaurant
2025-10-15,-365.99,3751.74,Restaurant
2025-10-16,-525.99,2610.75,Restaurant
2025-10-16,-515.0,3236.74,Restaurant
2025-10-16,-100.0,3136.74,Restaurant
2025-10-17,-100.0,2510.75,Transport
2025-10-17,-130.0,2380.75,Coffee
2025-10-17,-160.0,2220.75,School
2025-10-17,-404.75,1816.0,Restaurant
2025-10-17,-275.0,1541.0,Restaurant
2025-10-17,-465.99,1075.01,Restaurant
2025-10-18,-384.98,690.03,Restaurant
2025-10-18,2200.0,2890.03,Bank Transfer
2025-10-19,-100.0,2140.23,Restaurant
2025-10-19,-80.0,2060.23,Restaurant
2025-10-19,-170.0,2720.03,Restaurant
2025-10-19,-479.8,2240.23,Restaurant
2025-10-20,-260.0,1800.23,Grocery
2025-10-20,-130.0,1670.23,School
2025-10-20,-440.99,1229.24,Restaurant
2025-10-20,-200.0,1029.24,Restaurant
2025-10-21,-198.73,4890.02,Food Delivery
2025-10-21,-515.99,88.75,Restaurant
2025-10-21,-241.0,4649.02,Restaurant
2025-10-21,-229.0,684.74,Restaurant
2025-10-21,-115.5,913.74,Restaurant
2025-10-21,-80.0,604.74,Restaurant
2025-10-21,5000.0,5088.75,Bank Transfer
2025-10-22,-256.03,4392.99,Restaurant
2025-10-22,-75.0,4317.99,Transport
2025-10-22,-260.0,4057.99,Coffee
2025-10-23,-650.0,2911.03,Restaurant
2025-10-23,-261.96,3796.03,Restaurant
2025-10-23,-75.0,3721.03,Transport
2025-10-23,-160.0,3561.03,Coffee
2025-10-24,350.0,1953.9,Bank Transfer
2025-10-24,-728.94,1224.96,Restaurant
2025-10-24,-728.94,1603.9,Restaurant
2025-10-24,728.94,1953.9,Restaurant
2025-10-24,-0.15,2357.84,Bank Transfer
2025-10-24,-250.0,2661.03,Restaurant
2025-10-24,-25.0,2332.84,Coffee
2025-10-24,-3.04,2357.99,Bank Transfer
2025-10-24,-300.0,2361.03,Bank Transfer
2025-10-25,-230.99,769.04,Restaurant
2025-10-25,-3.04,0.18,Bank Transfer
2025-10-25,-650.0,3.22,Bank Transfer
2025-10-25,-171.0,653.22,Pharmacy
2025-10-25,1000.0,1000.03,Bank Transfer
2025-10-25,-69.32,894.22,Pharmacy
2025-10-25,-0.36,963.54,Subscription
2025-10-25,-180.0,963.9,Subscription
2025-10-25,-810.0,1143.9,Restaurant
2025-10-25,-70.0,824.22,Dessert
2025-10-25,-0.15,0.03,Bank Transfer
2025-10-26,-20.0,749.04,Restaurant
2025-10-26,-77.0,672.04,Restaurant
2025-10-26,-355.99,316.05,Restaurant
2025-10-27,-20.0,296.05,Restaurant
2025-10-27,147.0,443.05,Bank Transfer
2025-10-27,-309.6,133.45,School
2025-10-28,-60.0,73.45,Coffee
2025-10-28,-50.0,23.45,Restaurant
2025-11-02,-125.0,1395.26,Restaurant
2025-11-02,-0.15,1520.26,Bank Transfer
2025-11-02,-500.0,1523.45,Bank Transfer
2025-11-02,2000.0,2023.45,Bank Transfer
2025-11-02,-3.04,1520.41,Bank Transfer
2025-11-03,7500.0,8895.26,Bank Transfer
2025-11-03,-542.79,8352.47,Restaurant
2025-11-03,-5555.0,2797.47,Shopping
2025-11-03,-1690.0,1107.47,Shopping
2025-11-03,7500.0,8607.47,Bank Transfer
2025-11-03,-245.0,8362.47,Coffee
2025-11-03,-650.0,7712.47,Restaurant
2025-11-04,-157.5,7254.97,School
2025-11-04,-1200.0,6054.97,Restaurant
2025-11-04,-157.5,7254.97,School
2025-11-04,-300.0,7412.47,Coffee
2025-11-04,157.5,7412.47,School
2025-11-05,-193.0,5861.97,Coffee
2025-11-05,-130.0,5731.97,Coffee
2025-11-05,10000.0,15731.97,Bank Transfer
2025-11-05,-184.5,15547.47,School
2025-11-05,-100.0,15447.47,Transport
2025-11-05,-395.99,15051.48,Restaurant
2025-11-05,-175.0,14876.48,Bank Transfer
2025-11-05,-265.0,14611.48,Restaurant
2025-11-06,-600.0,19935.2,Restaurant
2025-11-06,-843.0,19062.2,Restaurant
2025-11-06,-30.0,19905.2,Restaurant
2025-11-06,-194.9,20535.2,Transport
2025-11-06,-800.0,18262.2,Restaurant
2025-11-06,-100.0,20935.1,Transport
2025-11-06,-286.38,14325.1,Restaurant
2025-11-06,-75.0,14250.1,Transport
2025-11-06,-205.0,20730.1,Restaurant
2025-11-06,-215.0,21035.1,Transport
2025-11-06,7000.0,21250.1,Bank Transfer
2025-11-07,-135.0,18127.2,Coffee
2025-11-07,-175.0,17952.2,School
2025-11-07,-365.0,17587.2,Transport
2025-11-08,-2500.0,15087.2,Restaurant
2025-11-09,-560.0,14527.2,Restaurant
2025-11-09,-365.0,14162.2,Transport
2025-11-10,-455.0,13066.7,Fast Food
2025-11-10,-107.5,13521.7,Restaurant
2025-11-10,-205.0,13629.2,Restaurant
2025-11-10,-328.0,13834.2,Coffee
2025-11-11,-96.0,12905.7,Transport
2025-11-11,-240.0,12665.7,Coffee
2025-11-11,6305.33,18971.03,Shopping
2025-11-11,-200.0,18771.03,School
2025-11-11,-323.68,18447.35,Restaurant
2025-11-11,-5000.0,13447.35,Bank Transfer
2025-11-11,-395.99,13051.36,Restaurant
2025-11-11,-65.0,13001.7,Fast Food
2025-11-12,-585.0,10696.46,Grocery
2025-11-12,-208.0,11281.46,Restaurant
2025-11-12,-300.0,11489.46,Restaurant
2025-11-12,-194.9,11789.46,Transport
2025-11-12,-164.0,12084.36,Coffee
2025-11-12,-200.0,12248.36,School
2025-11-12,-320.0,12448.36,Coffee
2025-11-12,-263.0,12768.36,Transport
2025-11-12,-20.0,13031.36,Restaurant
2025-11-12,-100.0,11984.36,Transport
2025-11-13,-415.0,10281.46,Transport
2025-11-13,-150.0,10131.46,School
2025-11-14,-28.0,10103.46,School
2025-11-14,-305.0,9798.46,Coffee
2025-11-14,-610.0,9188.46,Shopping
2025-11-14,-104.0,9084.46,Restaurant
2025-11-14,-450.99,8633.47,Restaurant
2025-11-15,-240.0,7873.47,Coffee
2025-11-15,-520.0,8113.47,Grocery
2025-11-16,-244.0,7629.47,Coffee
2025-11-16,-319.0,7310.47,School
2025-11-16,-190.0,7120.47,Transport
2025-11-16,-503.99,6616.48,Restaurant
2025-11-16,-424.2,6192.28,Restaurant
2025-11-17,-200.0,5992.28,School
2025-11-17,-175.0,5817.28,Restaurant
2025-11-17,-250.0,5567.28,Transport
2025-11-17,-1377.0,4190.28,Restaurant
2025-11-17,-2274.99,1915.29,Restaurant
2025-11-18,-250.0,692.49,Bank Transfer
2025-11-18,-60.0,942.49,Bakery
2025-11-18,-525.0,1255.29,Restaurant
2025-11-18,-135.0,1780.29,Coffee
2025-11-18,-252.8,1002.49,Coffee
2025-11-19,-110.0,5582.49,School
2025-11-19,-215.0,5367.49,Transport
2025-11-19,-342.99,5024.5,Restaurant
2025-11-19,5000.0,5692.49,Bank Transfer
2025-11-20,-395.99,3732.24,Restaurant
2025-11-20,-135.0,4128.23,School
2025-11-20,2000.0,4473.73,Bank Transfer
2025-11-20,-395.99,2473.73,Restaurant
2025-11-20,-610.5,4263.23,Restaurant
2025-11-20,-130.0,3589.72,Restaurant
2025-11-20,-330.78,3719.72,Restaurant
2025-11-20,-305.0,4050.5,Coffee
2025-11-20,-669.0,4355.5,Restaurant
2025-11-20,-720.0,2869.72,Grocery
2025-11-20,400.0,4873.73,Bank Transfer
2025-11-21,-30.0,3702.24,Restaurant
2025-11-21,-135.0,3567.24,Coffee
2025-11-21,-364.0,3203.24,School
2025-11-21,2500.0,5703.24,Bank Transfer
2025-11-21,-1799.0,3904.24,School
2025-11-21,-306.5,3597.74,Restaurant
2025-11-21,-495.9,3101.84,Restaurant
2025-11-22,-121.91,2589.93,Restaurant
2025-11-22,-289.71,2300.22,Restaurant
2025-11-22,-65.0,2711.84,School
2025-11-22,-135.0,2966.84,Coffee
2025-11-22,-190.0,2776.84,School
2025-11-23,-563.0,1737.22,Restaurant
2025-11-23,-305.0,1432.22,Coffee
2025-11-23,-100.0,1332.22,Transport
2025-11-23,-494.0,838.22,Restaurant
2025-11-23,-680.0,158.22,Bank Transfer
2025-11-23,680.0,838.22,Bank Transfer
2025-11-23,-575.0,263.22,Grocery
2025-11-23,150.0,413.22,Bank Transfer
2025-11-23,-400.0,13.22,Restaurant
2025-11-24,-578.9,2814.32,Restaurant
2025-11-24,-270.0,3393.22,Coffee
2025-11-24,-215.0,3663.22,Transport
2025-11-24,4000.0,4013.22,Bank Transfer
2025-11-24,-135.0,3878.22,Coffee
2025-11-25,-135.0,2679.32,Coffee
2025-11-25,-265.0,2414.32,Transport
2025-11-25,-180.0,2234.32,Subscription
2025-11-25,-0.36,2233.96,Subscription
2025-11-25,-100.0,2133.96,Transport
2025-11-25,-214.99,1918.97,Restaurant
2025-11-25,-197.66,1721.31,Transport
2025-11-26,-240.0,1481.31,Transport
2025-11-26,-135.0,1346.31,Coffee
